"question category","question type","is correct","question/answer text","points","attempts","random","is feedback","correct feedback text","incorrect feedback text"
"integral-calculus","mchoice","",<p>Solve the following: </p><p><img src="images/integral-calculus/problems/problem1/question/question1.jpg" alt="" /></p>,"10","1","1","TRUE",<a href="https://www.mathproblemsolved.com/index.php/index.php/integral-calculus/30000-integral-calculus.2"  target="_blank"/>Click for Complete solution</a>,<a href="https://www.mathproblemsolved.com/index.php/index.php/integral-calculus/30000-integral-calculus.2"  target="_blank"/>Click for Complete solution</a>
"","","FALSE",<p><img src="https://mathproblemsolved.com/images/integral-calculus/problems/problem1/options/option1_1.jpg" alt="" /></p>,"0","","","","Correct. Check the solution if needed",""
"","","FALSE",<p><img src="https://mathproblemsolved.com/images/integral-calculus/problems/problem1/options/option1_2.jpg" alt="" /></p>,"0","","","","Incorrect: Check solution",""
"","","FALSE",<p><img src="https://mathproblemsolved.com/images/integral-calculus/problems/problem1/options/option1_3.jpg" alt="" /></p>,"0","","","","Incorrect: Check solution",""
"","","TRUE",<p><img src="https://mathproblemsolved.com/images/integral-calculus/problems/problem1/options/option1_4.jpg" alt="" /></p>,"0","","","","Incorrect: Check solution",""
"integral-calculus","mchoice","",<p>Solve the following: </p><p><img src="images/integral-calculus/problems/problem2/question/question2.jpg" alt="" /></p>,"10","1","1","TRUE",<a href="https://www.mathproblemsolved.com/index.php/index.php/integral-calculus/30001-integral-calculus.2"  target="_blank"/>Click for Complete solution</a>,<a href="https://www.mathproblemsolved.com/index.php/index.php/integral-calculus/30001-integral-calculus.2"  target="_blank"/>Click for Complete solution</a>
"","","FALSE",<p><img src="https://mathproblemsolved.com/images/integral-calculus/problems/problem2/options/option2_1.jpg" alt="" /></p>,"0","","","","Correct. Check the solution if needed",""
"","","FALSE",<p><img src="https://mathproblemsolved.com/images/integral-calculus/problems/problem2/options/option2_2.jpg" alt="" /></p>,"0","","","","Incorrect: Check solution",""
"","","FALSE",<p><img src="https://mathproblemsolved.com/images/integral-calculus/problems/problem2/options/option2_3.jpg" alt="" /></p>,"0","","","","Incorrect: Check solution",""
"","","TRUE",<p><img src="https://mathproblemsolved.com/images/integral-calculus/problems/problem2/options/option2_4.jpg" alt="" /></p>,"0","","","","Incorrect: Check solution",""
"integral-calculus","mchoice","",<p>Solve the following: </p><p><img src="images/integral-calculus/problems/problem3/question/question3.jpg" alt="" /></p>,"10","1","1","TRUE",<a href="https://www.mathproblemsolved.com/index.php/index.php/integral-calculus/30002-integral-calculus.2"  target="_blank"/>Click for Complete solution</a>,<a href="https://www.mathproblemsolved.com/index.php/index.php/integral-calculus/30002-integral-calculus.2"  target="_blank"/>Click for Complete solution</a>
"","","TRUE",<p><img src="https://mathproblemsolved.com/images/integral-calculus/problems/problem3/options/option3_1.jpg" alt="" /></p>,"0","","","","Correct. Check the solution if needed",""
"","","FALSE",<p><img src="https://mathproblemsolved.com/images/integral-calculus/problems/problem3/options/option3_2.jpg" alt="" /></p>,"0","","","","Incorrect: Check solution",""
"","","FALSE",<p><img src="https://mathproblemsolved.com/images/integral-calculus/problems/problem3/options/option3_3.jpg" alt="" /></p>,"0","","","","Incorrect: Check solution",""
"","","FALSE",<p><img src="https://mathproblemsolved.com/images/integral-calculus/problems/problem3/options/option3_4.jpg" alt="" /></p>,"0","","","","Incorrect: Check solution",""
"integral-calculus","mchoice","",<p>Solve the following: </p><p><img src="images/integral-calculus/problems/problem4/question/question4.jpg" alt="" /></p>,"10","1","1","TRUE",<a href="https://www.mathproblemsolved.com/index.php/index.php/integral-calculus/30003-integral-calculus.2"  target="_blank"/>Click for Complete solution</a>,<a href="https://www.mathproblemsolved.com/index.php/index.php/integral-calculus/30003-integral-calculus.2"  target="_blank"/>Click for Complete solution</a>
"","","FALSE",<p><img src="https://mathproblemsolved.com/images/integral-calculus/problems/problem4/options/option4_1.jpg" alt="" /></p>,"0","","","","Correct. Check the solution if needed",""
"","","FALSE",<p><img src="https://mathproblemsolved.com/images/integral-calculus/problems/problem4/options/option4_2.jpg" alt="" /></p>,"0","","","","Incorrect: Check solution",""
"","","FALSE",<p><img src="https://mathproblemsolved.com/images/integral-calculus/problems/problem4/options/option4_3.jpg" alt="" /></p>,"0","","","","Incorrect: Check solution",""
"","","TRUE",<p><img src="https://mathproblemsolved.com/images/integral-calculus/problems/problem4/options/option4_4.jpg" alt="" /></p>,"0","","","","Incorrect: Check solution",""
"integral-calculus","mchoice","",<p>Solve the following: </p><p><img src="images/integral-calculus/problems/problem5/question/question5.jpg" alt="" /></p>,"10","1","1","TRUE",<a href="https://www.mathproblemsolved.com/index.php/index.php/integral-calculus/30004-integral-calculus.2"  target="_blank"/>Click for Complete solution</a>,<a href="https://www.mathproblemsolved.com/index.php/index.php/integral-calculus/30004-integral-calculus.2"  target="_blank"/>Click for Complete solution</a>
"","","FALSE",<p><img src="https://mathproblemsolved.com/images/integral-calculus/problems/problem5/options/option5_1.jpg" alt="" /></p>,"0","","","","Correct. Check the solution if needed",""
"","","FALSE",<p><img src="https://mathproblemsolved.com/images/integral-calculus/problems/problem5/options/option5_2.jpg" alt="" /></p>,"0","","","","Incorrect: Check solution",""
"","","FALSE",<p><img src="https://mathproblemsolved.com/images/integral-calculus/problems/problem5/options/option5_3.jpg" alt="" /></p>,"0","","","","Incorrect: Check solution",""
"","","TRUE",<p><img src="https://mathproblemsolved.com/images/integral-calculus/problems/problem5/options/option5_4.jpg" alt="" /></p>,"0","","","","Incorrect: Check solution",""
"integral-calculus","mchoice","",<p>Solve the following: </p><p><img src="images/integral-calculus/problems/problem6/question/question6.jpg" alt="" /></p>,"10","1","1","TRUE",<a href="https://www.mathproblemsolved.com/index.php/index.php/integral-calculus/30005-integral-calculus.2"  target="_blank"/>Click for Complete solution</a>,<a href="https://www.mathproblemsolved.com/index.php/index.php/integral-calculus/30005-integral-calculus.2"  target="_blank"/>Click for Complete solution</a>
"","","FALSE",<p><img src="https://mathproblemsolved.com/images/integral-calculus/problems/problem6/options/option6_1.jpg" alt="" /></p>,"0","","","","Correct. Check the solution if needed",""
"","","FALSE",<p><img src="https://mathproblemsolved.com/images/integral-calculus/problems/problem6/options/option6_2.jpg" alt="" /></p>,"0","","","","Incorrect: Check solution",""
"","","TRUE",<p><img src="https://mathproblemsolved.com/images/integral-calculus/problems/problem6/options/option6_3.jpg" alt="" /></p>,"0","","","","Incorrect: Check solution",""
"","","FALSE",<p><img src="https://mathproblemsolved.com/images/integral-calculus/problems/problem6/options/option6_4.jpg" alt="" /></p>,"0","","","","Incorrect: Check solution",""
"integral-calculus","mchoice","",<p>Solve the following: </p><p><img src="images/integral-calculus/problems/problem7/question/question7.jpg" alt="" /></p>,"10","1","1","TRUE",<a href="https://www.mathproblemsolved.com/index.php/index.php/integral-calculus/30006-integral-calculus.2"  target="_blank"/>Click for Complete solution</a>,<a href="https://www.mathproblemsolved.com/index.php/index.php/integral-calculus/30006-integral-calculus.2"  target="_blank"/>Click for Complete solution</a>
"","","FALSE",<p><img src="https://mathproblemsolved.com/images/integral-calculus/problems/problem7/options/option7_1.jpg" alt="" /></p>,"0","","","","Correct. Check the solution if needed",""
"","","FALSE",<p><img src="https://mathproblemsolved.com/images/integral-calculus/problems/problem7/options/option7_2.jpg" alt="" /></p>,"0","","","","Incorrect: Check solution",""
"","","FALSE",<p><img src="https://mathproblemsolved.com/images/integral-calculus/problems/problem7/options/option7_3.jpg" alt="" /></p>,"0","","","","Incorrect: Check solution",""
"","","TRUE",<p><img src="https://mathproblemsolved.com/images/integral-calculus/problems/problem7/options/option7_4.jpg" alt="" /></p>,"0","","","","Incorrect: Check solution",""
"integral-calculus","mchoice","",<p>Solve the following: </p><p><img src="images/integral-calculus/problems/problem8/question/question8.jpg" alt="" /></p>,"10","1","1","TRUE",<a href="https://www.mathproblemsolved.com/index.php/index.php/integral-calculus/30007-integral-calculus.2"  target="_blank"/>Click for Complete solution</a>,<a href="https://www.mathproblemsolved.com/index.php/index.php/integral-calculus/30007-integral-calculus.2"  target="_blank"/>Click for Complete solution</a>
"","","FALSE",<p><img src="https://mathproblemsolved.com/images/integral-calculus/problems/problem8/options/option8_1.jpg" alt="" /></p>,"0","","","","Correct. Check the solution if needed",""
"","","FALSE",<p><img src="https://mathproblemsolved.com/images/integral-calculus/problems/problem8/options/option8_2.jpg" alt="" /></p>,"0","","","","Incorrect: Check solution",""
"","","TRUE",<p><img src="https://mathproblemsolved.com/images/integral-calculus/problems/problem8/options/option8_3.jpg" alt="" /></p>,"0","","","","Incorrect: Check solution",""
"","","FALSE",<p><img src="https://mathproblemsolved.com/images/integral-calculus/problems/problem8/options/option8_4.jpg" alt="" /></p>,"0","","","","Incorrect: Check solution",""
"integral-calculus","mchoice","",<p>Solve the following: </p><p><img src="images/integral-calculus/problems/problem9/question/question9.jpg" alt="" /></p>,"10","1","1","TRUE",<a href="https://www.mathproblemsolved.com/index.php/index.php/integral-calculus/30008-integral-calculus.2"  target="_blank"/>Click for Complete solution</a>,<a href="https://www.mathproblemsolved.com/index.php/index.php/integral-calculus/30008-integral-calculus.2"  target="_blank"/>Click for Complete solution</a>
"","","TRUE",<p><img src="https://mathproblemsolved.com/images/integral-calculus/problems/problem9/options/option9_1.jpg" alt="" /></p>,"0","","","","Correct. Check the solution if needed",""
"","","FALSE",<p><img src="https://mathproblemsolved.com/images/integral-calculus/problems/problem9/options/option9_2.jpg" alt="" /></p>,"0","","","","Incorrect: Check solution",""
"","","FALSE",<p><img src="https://mathproblemsolved.com/images/integral-calculus/problems/problem9/options/option9_3.jpg" alt="" /></p>,"0","","","","Incorrect: Check solution",""
"","","FALSE",<p><img src="https://mathproblemsolved.com/images/integral-calculus/problems/problem9/options/option9_4.jpg" alt="" /></p>,"0","","","","Incorrect: Check solution",""
"integral-calculus","mchoice","",<p>Solve the following: </p><p><img src="images/integral-calculus/problems/problem10/question/question10.jpg" alt="" /></p>,"10","1","1","TRUE",<a href="https://www.mathproblemsolved.com/index.php/index.php/integral-calculus/30009-integral-calculus.2"  target="_blank"/>Click for Complete solution</a>,<a href="https://www.mathproblemsolved.com/index.php/index.php/integral-calculus/30009-integral-calculus.2"  target="_blank"/>Click for Complete solution</a>
"","","FALSE",<p><img src="https://mathproblemsolved.com/images/integral-calculus/problems/problem10/options/option10_1.jpg" alt="" /></p>,"0","","","","Correct. Check the solution if needed",""
"","","FALSE",<p><img src="https://mathproblemsolved.com/images/integral-calculus/problems/problem10/options/option10_2.jpg" alt="" /></p>,"0","","","","Incorrect: Check solution",""
"","","TRUE",<p><img src="https://mathproblemsolved.com/images/integral-calculus/problems/problem10/options/option10_3.jpg" alt="" /></p>,"0","","","","Incorrect: Check solution",""
"","","FALSE",<p><img src="https://mathproblemsolved.com/images/integral-calculus/problems/problem10/options/option10_4.jpg" alt="" /></p>,"0","","","","Incorrect: Check solution",""
"integral-calculus","mchoice","",<p>Solve the following: </p><p><img src="images/integral-calculus/problems/problem12/question/question12.jpg" alt="" /></p>,"10","1","1","TRUE",<a href="https://www.mathproblemsolved.com/index.php/index.php/integral-calculus/30011-integral-calculus.2"  target="_blank"/>Click for Complete solution</a>,<a href="https://www.mathproblemsolved.com/index.php/index.php/integral-calculus/30011-integral-calculus.2"  target="_blank"/>Click for Complete solution</a>
"","","FALSE",<p><img src="https://mathproblemsolved.com/images/integral-calculus/problems/problem12/options/option12_1.jpg" alt="" /></p>,"0","","","","Correct. Check the solution if needed",""
"","","FALSE",<p><img src="https://mathproblemsolved.com/images/integral-calculus/problems/problem12/options/option12_2.jpg" alt="" /></p>,"0","","","","Incorrect: Check solution",""
"","","TRUE",<p><img src="https://mathproblemsolved.com/images/integral-calculus/problems/problem12/options/option12_3.jpg" alt="" /></p>,"0","","","","Incorrect: Check solution",""
"","","FALSE",<p><img src="https://mathproblemsolved.com/images/integral-calculus/problems/problem12/options/option12_4.jpg" alt="" /></p>,"0","","","","Incorrect: Check solution",""
"integral-calculus","mchoice","",<p>Solve the following: </p><p><img src="images/integral-calculus/problems/problem13/question/question13.jpg" alt="" /></p>,"10","1","1","TRUE",<a href="https://www.mathproblemsolved.com/index.php/index.php/integral-calculus/30012-integral-calculus.2"  target="_blank"/>Click for Complete solution</a>,<a href="https://www.mathproblemsolved.com/index.php/index.php/integral-calculus/30012-integral-calculus.2"  target="_blank"/>Click for Complete solution</a>
"","","FALSE",<p><img src="https://mathproblemsolved.com/images/integral-calculus/problems/problem13/options/option13_1.jpg" alt="" /></p>,"0","","","","Correct. Check the solution if needed",""
"","","TRUE",<p><img src="https://mathproblemsolved.com/images/integral-calculus/problems/problem13/options/option13_2.jpg" alt="" /></p>,"0","","","","Incorrect: Check solution",""
"","","FALSE",<p><img src="https://mathproblemsolved.com/images/integral-calculus/problems/problem13/options/option13_3.jpg" alt="" /></p>,"0","","","","Incorrect: Check solution",""
"","","FALSE",<p><img src="https://mathproblemsolved.com/images/integral-calculus/problems/problem13/options/option13_4.jpg" alt="" /></p>,"0","","","","Incorrect: Check solution",""
"integral-calculus","mchoice","",<p>Solve the following: </p><p><img src="images/integral-calculus/problems/problem14/question/question14.jpg" alt="" /></p>,"10","1","1","TRUE",<a href="https://www.mathproblemsolved.com/index.php/index.php/integral-calculus/30013-integral-calculus.2"  target="_blank"/>Click for Complete solution</a>,<a href="https://www.mathproblemsolved.com/index.php/index.php/integral-calculus/30013-integral-calculus.2"  target="_blank"/>Click for Complete solution</a>
"","","FALSE",<p><img src="https://mathproblemsolved.com/images/integral-calculus/problems/problem14/options/option14_1.jpg" alt="" /></p>,"0","","","","Correct. Check the solution if needed",""
"","","FALSE",<p><img src="https://mathproblemsolved.com/images/integral-calculus/problems/problem14/options/option14_2.jpg" alt="" /></p>,"0","","","","Incorrect: Check solution",""
"","","TRUE",<p><img src="https://mathproblemsolved.com/images/integral-calculus/problems/problem14/options/option14_3.jpg" alt="" /></p>,"0","","","","Incorrect: Check solution",""
"","","FALSE",<p><img src="https://mathproblemsolved.com/images/integral-calculus/problems/problem14/options/option14_4.jpg" alt="" /></p>,"0","","","","Incorrect: Check solution",""
"integral-calculus","mchoice","",<p>Solve the following: </p><p><img src="images/integral-calculus/problems/problem15/question/question15.jpg" alt="" /></p>,"10","1","1","TRUE",<a href="https://www.mathproblemsolved.com/index.php/index.php/integral-calculus/30014-integral-calculus.2"  target="_blank"/>Click for Complete solution</a>,<a href="https://www.mathproblemsolved.com/index.php/index.php/integral-calculus/30014-integral-calculus.2"  target="_blank"/>Click for Complete solution</a>
"","","FALSE",<p><img src="https://mathproblemsolved.com/images/integral-calculus/problems/problem15/options/option15_1.jpg" alt="" /></p>,"0","","","","Correct. Check the solution if needed",""
"","","FALSE",<p><img src="https://mathproblemsolved.com/images/integral-calculus/problems/problem15/options/option15_2.jpg" alt="" /></p>,"0","","","","Incorrect: Check solution",""
"","","TRUE",<p><img src="https://mathproblemsolved.com/images/integral-calculus/problems/problem15/options/option15_3.jpg" alt="" /></p>,"0","","","","Incorrect: Check solution",""
"","","FALSE",<p><img src="https://mathproblemsolved.com/images/integral-calculus/problems/problem15/options/option15_4.jpg" alt="" /></p>,"0","","","","Incorrect: Check solution",""
"integral-calculus","mchoice","",<p>Solve the following: </p><p><img src="images/integral-calculus/problems/problem16/question/question16.jpg" alt="" /></p>,"10","1","1","TRUE",<a href="https://www.mathproblemsolved.com/index.php/index.php/integral-calculus/30015-integral-calculus.2"  target="_blank"/>Click for Complete solution</a>,<a href="https://www.mathproblemsolved.com/index.php/index.php/integral-calculus/30015-integral-calculus.2"  target="_blank"/>Click for Complete solution</a>
"","","TRUE",<p><img src="https://mathproblemsolved.com/images/integral-calculus/problems/problem16/options/option16_1.jpg" alt="" /></p>,"0","","","","Correct. Check the solution if needed",""
"","","FALSE",<p><img src="https://mathproblemsolved.com/images/integral-calculus/problems/problem16/options/option16_2.jpg" alt="" /></p>,"0","","","","Incorrect: Check solution",""
"","","FALSE",<p><img src="https://mathproblemsolved.com/images/integral-calculus/problems/problem16/options/option16_3.jpg" alt="" /></p>,"0","","","","Incorrect: Check solution",""
"","","FALSE",<p><img src="https://mathproblemsolved.com/images/integral-calculus/problems/problem16/options/option16_4.jpg" alt="" /></p>,"0","","","","Incorrect: Check solution",""
"integral-calculus","mchoice","",<p>Solve the following: </p><p><img src="images/integral-calculus/problems/problem17/question/question17.jpg" alt="" /></p>,"10","1","1","TRUE",<a href="https://www.mathproblemsolved.com/index.php/index.php/integral-calculus/30016-integral-calculus.2"  target="_blank"/>Click for Complete solution</a>,<a href="https://www.mathproblemsolved.com/index.php/index.php/integral-calculus/30016-integral-calculus.2"  target="_blank"/>Click for Complete solution</a>
"","","FALSE",<p><img src="https://mathproblemsolved.com/images/integral-calculus/problems/problem17/options/option17_1.jpg" alt="" /></p>,"0","","","","Correct. Check the solution if needed",""
"","","FALSE",<p><img src="https://mathproblemsolved.com/images/integral-calculus/problems/problem17/options/option17_2.jpg" alt="" /></p>,"0","","","","Incorrect: Check solution",""
"","","FALSE",<p><img src="https://mathproblemsolved.com/images/integral-calculus/problems/problem17/options/option17_3.jpg" alt="" /></p>,"0","","","","Incorrect: Check solution",""
"","","TRUE",<p><img src="https://mathproblemsolved.com/images/integral-calculus/problems/problem17/options/option17_4.jpg" alt="" /></p>,"0","","","","Incorrect: Check solution",""
"integral-calculus","mchoice","",<p>Solve the following: </p><p><img src="images/integral-calculus/problems/problem18/question/question18.jpg" alt="" /></p>,"10","1","1","TRUE",<a href="https://www.mathproblemsolved.com/index.php/index.php/integral-calculus/30017-integral-calculus.2"  target="_blank"/>Click for Complete solution</a>,<a href="https://www.mathproblemsolved.com/index.php/index.php/integral-calculus/30017-integral-calculus.2"  target="_blank"/>Click for Complete solution</a>
"","","FALSE",<p><img src="https://mathproblemsolved.com/images/integral-calculus/problems/problem18/options/option18_1.jpg" alt="" /></p>,"0","","","","Correct. Check the solution if needed",""
"","","TRUE",<p><img src="https://mathproblemsolved.com/images/integral-calculus/problems/problem18/options/option18_2.jpg" alt="" /></p>,"0","","","","Incorrect: Check solution",""
"","","FALSE",<p><img src="https://mathproblemsolved.com/images/integral-calculus/problems/problem18/options/option18_3.jpg" alt="" /></p>,"0","","","","Incorrect: Check solution",""
"","","FALSE",<p><img src="https://mathproblemsolved.com/images/integral-calculus/problems/problem18/options/option18_4.jpg" alt="" /></p>,"0","","","","Incorrect: Check solution",""
"integral-calculus","mchoice","",<p>Solve the following: </p><p><img src="images/integral-calculus/problems/problem19/question/question19.jpg" alt="" /></p>,"10","1","1","TRUE",<a href="https://www.mathproblemsolved.com/index.php/index.php/integral-calculus/30018-integral-calculus.2"  target="_blank"/>Click for Complete solution</a>,<a href="https://www.mathproblemsolved.com/index.php/index.php/integral-calculus/30018-integral-calculus.2"  target="_blank"/>Click for Complete solution</a>
"","","TRUE",<p><img src="https://mathproblemsolved.com/images/integral-calculus/problems/problem19/options/option19_1.jpg" alt="" /></p>,"0","","","","Correct. Check the solution if needed",""
"","","FALSE",<p><img src="https://mathproblemsolved.com/images/integral-calculus/problems/problem19/options/option19_2.jpg" alt="" /></p>,"0","","","","Incorrect: Check solution",""
"","","FALSE",<p><img src="https://mathproblemsolved.com/images/integral-calculus/problems/problem19/options/option19_3.jpg" alt="" /></p>,"0","","","","Incorrect: Check solution",""
"","","FALSE",<p><img src="https://mathproblemsolved.com/images/integral-calculus/problems/problem19/options/option19_4.jpg" alt="" /></p>,"0","","","","Incorrect: Check solution",""
"integral-calculus","mchoice","",<p>Solve the following: </p><p><img src="images/integral-calculus/problems/problem20/question/question20.jpg" alt="" /></p>,"10","1","1","TRUE",<a href="https://www.mathproblemsolved.com/index.php/index.php/integral-calculus/30019-integral-calculus.2"  target="_blank"/>Click for Complete solution</a>,<a href="https://www.mathproblemsolved.com/index.php/index.php/integral-calculus/30019-integral-calculus.2"  target="_blank"/>Click for Complete solution</a>
"","","FALSE",<p><img src="https://mathproblemsolved.com/images/integral-calculus/problems/problem20/options/option20_1.jpg" alt="" /></p>,"0","","","","Correct. Check the solution if needed",""
"","","TRUE",<p><img src="https://mathproblemsolved.com/images/integral-calculus/problems/problem20/options/option20_2.jpg" alt="" /></p>,"0","","","","Incorrect: Check solution",""
"","","FALSE",<p><img src="https://mathproblemsolved.com/images/integral-calculus/problems/problem20/options/option20_3.jpg" alt="" /></p>,"0","","","","Incorrect: Check solution",""
"","","FALSE",<p><img src="https://mathproblemsolved.com/images/integral-calculus/problems/problem20/options/option20_4.jpg" alt="" /></p>,"0","","","","Incorrect: Check solution",""
"integral-calculus","mchoice","",<p>Solve the following: </p><p><img src="images/integral-calculus/problems/problem21/question/question21.jpg" alt="" /></p>,"10","1","1","TRUE",<a href="https://www.mathproblemsolved.com/index.php/index.php/integral-calculus/30020-integral-calculus.2"  target="_blank"/>Click for Complete solution</a>,<a href="https://www.mathproblemsolved.com/index.php/index.php/integral-calculus/30020-integral-calculus.2"  target="_blank"/>Click for Complete solution</a>
"","","FALSE",<p><img src="https://mathproblemsolved.com/images/integral-calculus/problems/problem21/options/option21_1.jpg" alt="" /></p>,"0","","","","Correct. Check the solution if needed",""
"","","TRUE",<p><img src="https://mathproblemsolved.com/images/integral-calculus/problems/problem21/options/option21_2.jpg" alt="" /></p>,"0","","","","Incorrect: Check solution",""
"","","FALSE",<p><img src="https://mathproblemsolved.com/images/integral-calculus/problems/problem21/options/option21_3.jpg" alt="" /></p>,"0","","","","Incorrect: Check solution",""
"","","FALSE",<p><img src="https://mathproblemsolved.com/images/integral-calculus/problems/problem21/options/option21_4.jpg" alt="" /></p>,"0","","","","Incorrect: Check solution",""
"integral-calculus","mchoice","",<p>Solve the following: </p><p><img src="images/integral-calculus/problems/problem22/question/question22.jpg" alt="" /></p>,"10","1","1","TRUE",<a href="https://www.mathproblemsolved.com/index.php/index.php/integral-calculus/30021-integral-calculus.2"  target="_blank"/>Click for Complete solution</a>,<a href="https://www.mathproblemsolved.com/index.php/index.php/integral-calculus/30021-integral-calculus.2"  target="_blank"/>Click for Complete solution</a>
"","","FALSE",<p><img src="https://mathproblemsolved.com/images/integral-calculus/problems/problem22/options/option22_1.jpg" alt="" /></p>,"0","","","","Correct. Check the solution if needed",""
"","","FALSE",<p><img src="https://mathproblemsolved.com/images/integral-calculus/problems/problem22/options/option22_2.jpg" alt="" /></p>,"0","","","","Incorrect: Check solution",""
"","","TRUE",<p><img src="https://mathproblemsolved.com/images/integral-calculus/problems/problem22/options/option22_3.jpg" alt="" /></p>,"0","","","","Incorrect: Check solution",""
"","","FALSE",<p><img src="https://mathproblemsolved.com/images/integral-calculus/problems/problem22/options/option22_4.jpg" alt="" /></p>,"0","","","","Incorrect: Check solution",""
"integral-calculus","mchoice","",<p>Solve the following: </p><p><img src="images/integral-calculus/problems/problem23/question/question23.jpg" alt="" /></p>,"10","1","1","TRUE",<a href="https://www.mathproblemsolved.com/index.php/index.php/integral-calculus/30022-integral-calculus.2"  target="_blank"/>Click for Complete solution</a>,<a href="https://www.mathproblemsolved.com/index.php/index.php/integral-calculus/30022-integral-calculus.2"  target="_blank"/>Click for Complete solution</a>
"","","FALSE",<p><img src="https://mathproblemsolved.com/images/integral-calculus/problems/problem23/options/option23_1.jpg" alt="" /></p>,"0","","","","Correct. Check the solution if needed",""
"","","FALSE",<p><img src="https://mathproblemsolved.com/images/integral-calculus/problems/problem23/options/option23_2.jpg" alt="" /></p>,"0","","","","Incorrect: Check solution",""
"","","TRUE",<p><img src="https://mathproblemsolved.com/images/integral-calculus/problems/problem23/options/option23_3.jpg" alt="" /></p>,"0","","","","Incorrect: Check solution",""
"","","FALSE",<p><img src="https://mathproblemsolved.com/images/integral-calculus/problems/problem23/options/option23_4.jpg" alt="" /></p>,"0","","","","Incorrect: Check solution",""
"integral-calculus","mchoice","",<p>Solve the following: </p><p><img src="images/integral-calculus/problems/problem24/question/question24.jpg" alt="" /></p>,"10","1","1","TRUE",<a href="https://www.mathproblemsolved.com/index.php/index.php/integral-calculus/30023-integral-calculus.2"  target="_blank"/>Click for Complete solution</a>,<a href="https://www.mathproblemsolved.com/index.php/index.php/integral-calculus/30023-integral-calculus.2"  target="_blank"/>Click for Complete solution</a>
"","","FALSE",<p><img src="https://mathproblemsolved.com/images/integral-calculus/problems/problem24/options/option24_1.jpg" alt="" /></p>,"0","","","","Correct. Check the solution if needed",""
"","","FALSE",<p><img src="https://mathproblemsolved.com/images/integral-calculus/problems/problem24/options/option24_2.jpg" alt="" /></p>,"0","","","","Incorrect: Check solution",""
"","","FALSE",<p><img src="https://mathproblemsolved.com/images/integral-calculus/problems/problem24/options/option24_3.jpg" alt="" /></p>,"0","","","","Incorrect: Check solution",""
"","","TRUE",<p><img src="https://mathproblemsolved.com/images/integral-calculus/problems/problem24/options/option24_4.jpg" alt="" /></p>,"0","","","","Incorrect: Check solution",""
"integral-calculus","mchoice","",<p>Solve the following: </p><p><img src="images/integral-calculus/problems/problem25/question/question25.jpg" alt="" /></p>,"10","1","1","TRUE",<a href="https://www.mathproblemsolved.com/index.php/index.php/integral-calculus/30024-integral-calculus.2"  target="_blank"/>Click for Complete solution</a>,<a href="https://www.mathproblemsolved.com/index.php/index.php/integral-calculus/30024-integral-calculus.2"  target="_blank"/>Click for Complete solution</a>
"","","TRUE",<p><img src="https://mathproblemsolved.com/images/integral-calculus/problems/problem25/options/option25_1.jpg" alt="" /></p>,"0","","","","Correct. Check the solution if needed",""
"","","FALSE",<p><img src="https://mathproblemsolved.com/images/integral-calculus/problems/problem25/options/option25_2.jpg" alt="" /></p>,"0","","","","Incorrect: Check solution",""
"","","FALSE",<p><img src="https://mathproblemsolved.com/images/integral-calculus/problems/problem25/options/option25_3.jpg" alt="" /></p>,"0","","","","Incorrect: Check solution",""
"","","FALSE",<p><img src="https://mathproblemsolved.com/images/integral-calculus/problems/problem25/options/option25_4.jpg" alt="" /></p>,"0","","","","Incorrect: Check solution",""
"integral-calculus","mchoice","",<p>Solve the following: </p><p><img src="images/integral-calculus/problems/problem27/question/question27.jpg" alt="" /></p>,"10","1","1","TRUE",<a href="https://www.mathproblemsolved.com/index.php/index.php/integral-calculus/30026-integral-calculus.2"  target="_blank"/>Click for Complete solution</a>,<a href="https://www.mathproblemsolved.com/index.php/index.php/integral-calculus/30026-integral-calculus.2"  target="_blank"/>Click for Complete solution</a>
"","","TRUE",<p><img src="https://mathproblemsolved.com/images/integral-calculus/problems/problem27/options/option27_1.jpg" alt="" /></p>,"0","","","","Correct. Check the solution if needed",""
"","","FALSE",<p><img src="https://mathproblemsolved.com/images/integral-calculus/problems/problem27/options/option27_2.jpg" alt="" /></p>,"0","","","","Incorrect: Check solution",""
"","","FALSE",<p><img src="https://mathproblemsolved.com/images/integral-calculus/problems/problem27/options/option27_3.jpg" alt="" /></p>,"0","","","","Incorrect: Check solution",""
"","","FALSE",<p><img src="https://mathproblemsolved.com/images/integral-calculus/problems/problem27/options/option27_4.jpg" alt="" /></p>,"0","","","","Incorrect: Check solution",""
"integral-calculus","mchoice","",<p>Solve the following: </p><p><img src="images/integral-calculus/problems/problem28/question/question28.jpg" alt="" /></p>,"10","1","1","TRUE",<a href="https://www.mathproblemsolved.com/index.php/index.php/integral-calculus/30027-integral-calculus.2"  target="_blank"/>Click for Complete solution</a>,<a href="https://www.mathproblemsolved.com/index.php/index.php/integral-calculus/30027-integral-calculus.2"  target="_blank"/>Click for Complete solution</a>
"","","FALSE",<p><img src="https://mathproblemsolved.com/images/integral-calculus/problems/problem28/options/option28_1.jpg" alt="" /></p>,"0","","","","Correct. Check the solution if needed",""
"","","FALSE",<p><img src="https://mathproblemsolved.com/images/integral-calculus/problems/problem28/options/option28_2.jpg" alt="" /></p>,"0","","","","Incorrect: Check solution",""
"","","FALSE",<p><img src="https://mathproblemsolved.com/images/integral-calculus/problems/problem28/options/option28_3.jpg" alt="" /></p>,"0","","","","Incorrect: Check solution",""
"","","TRUE",<p><img src="https://mathproblemsolved.com/images/integral-calculus/problems/problem28/options/option28_4.jpg" alt="" /></p>,"0","","","","Incorrect: Check solution",""
"integral-calculus","mchoice","",<p>Solve the following: </p><p><img src="images/integral-calculus/problems/problem29/question/question29.jpg" alt="" /></p>,"10","1","1","TRUE",<a href="https://www.mathproblemsolved.com/index.php/index.php/integral-calculus/30028-integral-calculus.2"  target="_blank"/>Click for Complete solution</a>,<a href="https://www.mathproblemsolved.com/index.php/index.php/integral-calculus/30028-integral-calculus.2"  target="_blank"/>Click for Complete solution</a>
"","","FALSE",<p><img src="https://mathproblemsolved.com/images/integral-calculus/problems/problem29/options/option29_1.jpg" alt="" /></p>,"0","","","","Correct. Check the solution if needed",""
"","","TRUE",<p><img src="https://mathproblemsolved.com/images/integral-calculus/problems/problem29/options/option29_2.jpg" alt="" /></p>,"0","","","","Incorrect: Check solution",""
"","","FALSE",<p><img src="https://mathproblemsolved.com/images/integral-calculus/problems/problem29/options/option29_3.jpg" alt="" /></p>,"0","","","","Incorrect: Check solution",""
"","","FALSE",<p><img src="https://mathproblemsolved.com/images/integral-calculus/problems/problem29/options/option29_4.jpg" alt="" /></p>,"0","","","","Incorrect: Check solution",""
"integral-calculus","mchoice","",<p>Solve the following: </p><p><img src="images/integral-calculus/problems/problem30/question/question30.jpg" alt="" /></p>,"10","1","1","TRUE",<a href="https://www.mathproblemsolved.com/index.php/index.php/integral-calculus/30029-integral-calculus.2"  target="_blank"/>Click for Complete solution</a>,<a href="https://www.mathproblemsolved.com/index.php/index.php/integral-calculus/30029-integral-calculus.2"  target="_blank"/>Click for Complete solution</a>
"","","TRUE",<p><img src="https://mathproblemsolved.com/images/integral-calculus/problems/problem30/options/option30_1.jpg" alt="" /></p>,"0","","","","Correct. Check the solution if needed",""
"","","FALSE",<p><img src="https://mathproblemsolved.com/images/integral-calculus/problems/problem30/options/option30_2.jpg" alt="" /></p>,"0","","","","Incorrect: Check solution",""
"","","FALSE",<p><img src="https://mathproblemsolved.com/images/integral-calculus/problems/problem30/options/option30_3.jpg" alt="" /></p>,"0","","","","Incorrect: Check solution",""
"","","FALSE",<p><img src="https://mathproblemsolved.com/images/integral-calculus/problems/problem30/options/option30_4.jpg" alt="" /></p>,"0","","","","Incorrect: Check solution",""
